;school;Y;X;M;Z1;Z2;Z3
1;1;44.71394499;0.984858671;51.48699912;-1.227415337;0;-1.307604084
2;1;38.84613118;3.495864621;49.52604731;-0.521230112;0;0.649076183
3;1;39.93277082;0.768021024;48.87413545;-0.704712449;0;-0.541094762
4;1;51.47214926;3.077015738;49.98111068;0.68743747;1;-0.988773
5;1;43.66823698;2.287245102;51.58975671;0.547592896;1;0.741997508
6;1;49.23039901;2.022498908;50.85747298;-2.065852804;0;0.430753498
7;1;36.79112925;0.7288613;45.21649907;-1.165818749;1;-2.340466644
8;1;44.31250639;0.945794061;47.5012391;-1.179250527;0;-0.801345085
9;1;50.1154418;2.407379238;52.7267003;-0.02975936;1;-1.429524792
10;1;45.5274695;2.68682041;51.78460472;1.151521791;0;1.116147362
11;1;43.40230816;4.303758287;53.02033453;2.208661703;0;0.610902366
12;1;47.11109531;4.232426123;50.25407284;0.440132783;0;-0.367348006
13;1;41.3010315;1.98420945;48.13840368;1.043165988;0;-0.589581867
14;1;44.03091222;1.40853793;45.82850795;0.125676745;1;-0.334260063
15;1;42.66658692;0.279100897;49.286685;-1.265249455;1;-0.568008136
16;1;42.81231987;1.354572367;50.92983552;0.374360037;1;-0.624310441
17;1;48.36550654;2.45510304;55.26258064;-0.199609415;1;-0.936150267
18;1;48.45390994;1.827378695;53.82054489;1.154782904;0;-1.051806658
19;1;45.74528762;1.922458513;47.71365506;-0.56170571;0;0.226105987
20;1;49.17326579;0;48.96132621;-1.137756607;1;-0.970503848
21;2;48.97225011;0.566538561;51.78231864;-1.293370093;0;0.110604147
22;2;47.22316108;3.289137789;52.90584735;1.124811943;0;0.974694135
23;2;47.92655608;2.444038905;51.4545097;-0.701000727;1;-1.329571336
24;2;45.66850451;2.450659657;49.71773908;-0.02887581;1;-0.278162427
25;2;43.80094411;1.95817024;51.02620013;-0.624974887;0;-2.525010069
26;2;42.603478;0.711759358;48.38786065;-1.83036802;1;-1.295684004
27;2;42.83380737;4.821663248;50.55233382;1.904793167;0;1.365228267
28;2;38.40265546;2.632179925;49.0204021;0.529919115;0;-0.547728548
29;2;50.68028572;2.234465903;52.49364616;-0.264790949;0;-1.610128709
30;2;54.74875205;3.118021423;53.61072611;0.907147246;1;0.474684137
31;2;47.87944546;2.706082019;53.86784532;-0.265268578;0;-0.167061255
32;2;40.43710287;1.134400395;47.17411403;-0.328567471;0;-0.543576527
33;2;50.09183755;0.286850769;51.10718719;-1.303676362;0;-2.135601537
34;2;50.4468361;1.772241445;55.08524895;-0.197289436;0;-0.303318873
35;2;45.28399138;3.7540838;51.02374151;-0.711440056;0;-0.273357559
36;2;48.59120958;1.775792921;52.51804382;0.028841378;0;-0.202305469
37;2;35.24291532;0;47.49659266;-1.073494859;1;-1.358597617
38;2;51.52036735;1.160330092;50.56791133;-1.091792064;1;1.42842036
39;2;42.53611221;0;52.33436002;-0.569009628;1;1.53343421
40;2;42.68003227;2.221094621;51.90945755;0.519558126;0;-0.121624827
41;3;43.79683134;1.713924128;50.30566326;-0.970174953;0;-1.037693228
42;3;44.71120001;3.459210465;51.49340549;0.133518574;0;-0.954260571
43;3;44.52562746;2.450915582;51.63308989;-0.649716478;0;0.162678601
44;3;41.67485059;0.88829274;47.81164647;0.036730651;1;-1.079109477
45;3;49.28623807;3.031210001;50.48180386;1.690807058;0;-0.566896118
46;3;41.85527596;2.002929889;50.77436894;-0.843001232;0;-0.809294514
47;3;44.32471007;2.491740135;46.82435539;-1.200772121;1;1.145552836
48;3;44.71310426;1.829920633;49.43580887;0.528077809;0;-1.145092937
49;3;47.65382121;1.363397776;56.88005757;0.326143973;1;1.17893482
50;3;49.40042168;2.701977847;51.71268118;-0.29990908;0;-0.147548186
51;3;44.10638714;2.085289272;49.40006805;0.551737997;0;-1.737187139
52;3;45.2989986;2.204581114;53.69456512;-1.246505459;1;0.681137493
53;3;40.88986245;0.018550287;47.36841451;-0.796453;0;-0.149980665
54;3;46.62310274;3.595054918;52.46898889;1.74334965;0;0.186442208
55;3;45.64326823;2.021258014;54.41892007;0.864051325;1;0.444572095
56;3;48.84643684;3.068179373;54.40826452;0.731203887;0;1.291645477
57;3;48.03954617;2.734388849;52.98555366;1.735166613;1;1.085599269
58;3;44.7364903;0;50.18617211;0.138377185;1;-1.230016005
59;3;45.67074356;2.730283463;48.98337936;0.872057598;1;-1.364205653
60;3;50.71730426;2.773934583;49.67453516;1.050248753;1;-0.079759723
61;4;45.79289738;0.374965123;51.67282461;-1.137438739;1;0.259792265
62;4;51.38208172;1.111090175;55.11422722;-0.043657132;0;0.239693161
63;4;48.07719759;3.520541153;53.30045745;2.393530174;0;0.662373734
64;4;48.68717767;2.993809646;54.91711535;1.24444013;0;0.092148345
65;4;44.81026901;1.950256663;49.08268946;-0.767213057;0;2.02764184
66;4;44.51350435;0.516982064;49.23431091;-2.951514754;0;-1.202593058
67;4;43.49448195;1.829675904;49.70271106;0.329239195;0;0.643736644
68;4;51.60638624;1.050009934;52.91347181;-0.305761611;0;-0.752574413
69;4;46.91016089;1.191135322;49.03551771;-0.712534311;0;0.539891198
70;4;46.99878253;0.9008303;50.84191654;0.292247802;1;1.099707781
71;4;43.54465981;2.594580854;53.176345;1.738942091;1;0.739613028
72;4;48.6987138;2.111795861;53.02273434;-0.002571424;1;-0.068673967
73;4;46.30822564;0.168869186;50.15364481;-0.004464317;1;-0.965413858
74;4;43.81227813;1.55315657;49.85126794;1.561993138;0;-1.316764192
75;4;44.19417284;0;44.91357054;-0.380505955;1;-2.27785449
76;4;53.58139941;1.847821561;49.32469589;-0.632885784;1;0.394979055
77;4;49.15362596;1.975218533;52.77524642;0.137019138;1;-0.365166416
78;4;51.10031365;1.908242891;52.02179775;-1.725313059;0;-0.391781507
79;4;45.08281767;1.531595121;51.2112684;1.222905809;0;0.123847822
80;4;50.69304081;3.257408644;52.76888435;2.19604004;0;2.066300288
81;5;45.19076565;2.317014058;50.1751499;-0.368523323;0;-1.95313306
82;5;52.16160001;3.540917173;49.39728173;0.925910686;1;-0.203843007
83;5;45.10429048;1.912773527;47.19077185;-0.489477777;1;1.017489337
84;5;50.34383341;2.770609598;49.69755319;0.207552354;1;0.515939605
85;5;44.40467001;3.193401522;51.33562861;0.398127798;0;1.479596039
86;5;44.75540994;1.359107366;51.4105184;1.15603751;1;1.068379922
87;5;44.58077708;2.595891552;53.13587275;1.242131192;0;0.184336242
88;5;51.80637489;3.560333226;50.06419047;0.165909983;0;0.065006267
89;5;53.36418396;3.248248449;53.58171896;0.715217694;0;0.94538719
90;5;43.76632392;0.549644682;48.10117575;-0.37840432;0;-0.938141069
91;5;44.38911776;2.792624366;51.31625828;0.69548203;0;1.74916436
92;5;49.37073273;1.501732351;52.66611206;0.254603578;1;0.241570817
93;5;49.61532763;3.343106217;53.06410715;0.670041302;1;1.007220689
94;5;51.13620718;3.132978793;51.39048566;-0.664854891;0;-0.025410841
95;5;41.29803116;0.734566094;49.58099795;-0.375250011;1;-0.105994542
96;5;48.06424053;3.409020947;56.70315287;0.752244834;0;1.80178807
97;5;41.22401609;2.408927099;49.58994619;0.99655515;1;-0.202069823
98;5;51.21931731;3.528259007;51.7635756;-0.360303668;0;-0.315860698
99;5;52.38218821;1.561497839;54.20250415;-0.670060006;0;0.865954443
100;5;50.51947632;3.527927417;52.8549327;0.478492761;0;0.522514545
101;6;44.63140533;1.532688562;49.83674749;-0.588681209;0;-1.842909716
102;6;44.5821638;0.922744581;49.44669802;-1.045247177;1;0.764500366
103;6;50.45606342;2.887514134;50.73752406;0.555341399;0;-0.346612127
104;6;46.80829933;3.539037888;50.72731577;1.065521846;0;0.390022879
105;6;44.44994128;2.559674811;51.80973485;1.287649546;1;-0.527986902
106;6;43.47949622;2.735091443;52.92880407;0.583475101;0;-0.283366113
107;6;46.49204128;2.004382664;48.31866529;1.264131324;0;-0.140037122
108;6;44.29824113;1.098978872;47.2412937;0.488415112;1;-1.102021061
109;6;51.43121743;3.970464988;53.49519239;2.296549895;0;0.910066066
110;6;45.97663092;1.593763719;51.06950877;-1.813158317;0;-2.406212703
111;6;44.08115832;1.975886603;52.39754542;0.002189461;0;0.520045758
112;6;43.12183071;1.928387949;52.77124679;0.475364335;1;0.433331936
113;6;38.36085058;1.27097162;47.06627717;-0.777742496;0;-0.994635894
114;6;47.30514907;2.432951957;52.29705834;0.205377675;0;-0.755751516
115;6;46.63663941;3.131132825;52.33752955;1.022544742;0;-0.2394196
116;6;41.26753519;1.29616577;52.10456513;-1.01007681;0;0.814938454
117;6;44.98928662;3.389860285;53.4365804;-0.751933509;1;2.289044657
118;6;44.82415216;1.117312242;52.29939636;0.144192432;1;-0.336084967
119;6;49.26206382;3.976734515;52.92377664;0.880558229;0;0.234531668
120;6;46.48907663;5.173857912;49.60854148;0.431361275;0;-0.418255353
121;7;49.16741952;0;53.54804355;-0.69094642;0;-0.075819482
122;7;39.46520399;2.998765167;48.60121799;0.55934076;0;0.159533036
123;7;42.9267457;2.101805789;53.3570197;-0.563790521;1;-0.828229641
124;7;39.58437226;1.00035379;48.04830469;-2.742317513;0;0.168158241
125;7;46.0537739;2.239447309;48.93060993;0.642682646;1;-0.204565986
126;7;41.99945388;1.410246159;46.2438013;0.399226782;1;-1.032755551
127;7;46.46026271;1.845266074;51.60352714;0.698712994;0;-0.243284756
128;7;47.34648311;1.815158598;51.81935441;0.522457074;0;1.686363714
129;7;44.92626228;0.451830475;53.76022348;-0.596522934;1;-0.598733561
130;7;42.6571607;3.307358243;51.25349726;1.079619106;1;0.255261944
131;7;44.98053309;2.509056636;51.80647159;-0.652068186;0;0.034226181
132;7;47.24719052;3.705630228;53.20534691;1.495477965;0;0.329667635
133;7;42.25163586;2.348562592;47.8345283;0.134398185;0;-0.004355571
134;7;45.05242266;1.236801024;49.32339367;-0.073516411;0;-0.193175271
135;7;50.12632364;2.213561318;48.87692715;0.026274529;1;1.544057264
136;7;44.93657022;1.453518112;49.56718132;0.239320954;1;0.690258334
137;7;47.66877854;3.945807809;53.64041174;-0.084630959;0;0.920269285
138;7;45.03608821;2.412029861;49.96650857;0.459021086;1;-0.801417065
139;7;49.23329272;3.120357185;50.46775056;-0.255890997;1;1.378038442
140;7;43.6938052;2.128403204;55.03137145;0.615952023;1;-0.263396428
141;8;43.1419386;3.374801513;50.04642126;1.34711843;0;0.705815313
142;8;42.54824095;2.207449211;45.15685753;0.675828683;0;-0.03316748
143;8;49.12371502;2.54280551;53.10477784;-0.219714821;0;0.171139632
144;8;41.55666968;2.635889727;50.26914318;-0.372852244;1;0.964611899
145;8;52.34198211;1.852446008;49.18592901;-0.031989934;0;-0.818413659
146;8;47.9491221;1.014888917;48.86901347;0.08728036;0;1.304446619
147;8;43.17808286;1.983360506;51.87049197;-0.063555352;0;-0.152385908
148;8;45.09551925;0.62598894;49.94814295;-0.515650666;1;-0.81098641
149;8;49.98108243;1.80391761;53.91689578;0.078077272;0;0.613851221
150;8;44.83985125;0.943639005;50.75877147;-0.916689198;1;-0.428076981
151;8;49.91274364;1.368603336;52.9091478;0.217458768;0;-0.420027503
152;8;50.782295;2.223383006;56.44425063;1.0916895;1;-0.865491382
153;8;53.87982879;3.609618294;56.18169559;1.364985001;0;0.733015199
154;8;46.67473397;2.7151675;50.4892925;1.134184207;1;2.302851092
155;8;45.1191988;0.879775281;44.40637227;-0.910223353;1;-1.850663105
156;8;44.39448505;2.640953763;49.78357716;1.891661034;1;-0.728803121
157;8;53.60760423;0.781390438;56.2985001;-0.564684395;0;1.170489074
158;8;46.78263114;2.139094761;51.24598456;0.257834548;0;0.425000588
159;8;47.33184921;1.541995808;52.51194817;-1.121955247;0;-1.794268879
160;8;41.24661035;3.421966817;47.40718291;0.153117309;0;0.256528614
161;9;48.19652187;2.81596049;48.55590222;1.729137693;0;0.12026259
162;9;45.09381845;1.224095803;50.98272266;0.172390241;1;0.805371
163;9;43.79914455;0.90929839;48.63189106;1.0259632;1;-0.136244222
164;9;46.28445071;0.808617284;50.00475283;-0.277718226;1;1.376597416
165;9;39.06504519;1.57861326;47.31960127;0.272060816;0;-0.122550657
166;9;43.29995952;0.523903823;49.82186471;-1.574149453;1;-1.018770835
167;9;43.97466077;0.819666808;51.56961109;0.147914575;0;0.196496315
168;9;49.55596844;0.985262173;54.6513129;-0.161100411;0;0.046179437
169;9;37.87294539;1.444903204;47.52939898;0.552408792;0;-0.071363539
170;9;38.43932209;0.432803988;45.92354184;-1.150873261;1;-0.848432783
171;9;48.46981904;1.308181428;50.60068519;-0.238727252;1;0.303436824
172;9;44.26422525;0.887427239;48.84007712;-0.343536663;1;0.552219071
173;9;43.13596559;1.118031802;52.31733997;0.529464779;0;0.149952429
174;9;41.38843156;0.190934024;48.99259321;-0.756175083;1;-0.133989955
175;9;45.62761661;0;47.73992371;-2.54076758;0;-2.012052004
176;9;48.56434725;0;55.38392026;0.608408331;0;0.133489717
177;9;39.67277403;0.301147663;44.00228107;-0.454738084;1;-2.656993933
178;9;38.08433694;0.527098112;47.02279025;0.728766289;1;0.067901063
179;9;47.42246853;2.720503127;51.73078082;0.539880015;1;0.601874111
180;9;46.2192627;2.50050284;49.14286944;0.925007744;0;1.480391273
181;10;45.72725191;2.181830813;52.69058193;0.894850508;1;1.682874841
182;10;48.7750737;0;52.15104038;-0.179628775;1;0.392429477
183;10;45.18266903;1.237243258;50.34590214;-1.34208556;1;-0.919908031
184;10;46.1634445;1.461808081;54.33582086;-0.814892493;1;0.928308145
185;10;51.86151704;2.008835299;52.39905157;0.571543899;0;1.099382536
186;10;44.85965984;0.628431958;48.36693646;0.030438348;1;0.563094645
187;10;40.52051147;0.558526369;44.64147043;-0.620340831;0;-0.264820225
188;10;44.17052519;1.278782189;52.60683954;-1.588228384;1;0.562153673
189;10;47.58058295;1.362642251;50.97292609;-0.935439291;1;0.553132895
190;10;50.78926214;1.450631876;53.74910104;-0.118711762;1;-0.803833195
191;10;44.9992587;2.393136155;50.71393967;0.664979271;0;0.736478443
192;10;55.7978793;1.38596537;56.00034105;0.239768822;1;2.524548706
193;10;49.45775994;2.059601804;54.34187626;1.363805973;0;0.237063363
194;10;40.7238286;1.800819084;43.30474226;0.223536742;1;-0.399193188
195;10;44.32470911;1.057545304;52.3113001;0.610405116;0;0.721733594
196;10;45.10562491;0.730359891;46.83922942;-0.391805545;1;1.115226258
197;10;42.50436592;0.360022773;50.70191549;-0.779000794;1;-1.378120463
198;10;42.77921513;1.840228526;51.5789362;0.063938061;1;1.488326584
199;10;44.4091047;1.27927943;49.0227403;1.097153485;0;0.409284037
200;10;44.42180178;2.754637448;49.58980042;2.533193262;1;0.75580599
201;11;44.2717465;2.218854958;51.18734613;-0.689872146;1;0.807591084
202;11;49.42859974;0;50.26597703;0.803678854;1;-0.097005299
203;11;50.64581579;1.179561203;53.15638713;1.657787737;0;1.669680898
204;11;43.80852448;0.92429396;48.12493145;-0.417043265;0;0.544879126
205;11;46.91991518;2.387603494;49.35464997;0.338047275;1;1.433541959
206;11;53.32352766;1.518921225;53.50959369;0.705126786;1;0.166598509
207;11;48.21066201;0.649473111;49.62556246;1.312518207;1;0.257179119
208;11;49.40401014;0.499889482;49.44969764;-1.229039591;0;-1.519878169
209;11;46.19733703;0.536787857;51.92383308;-1.274196377;0;-1.389162613
210;11;43.25449799;0.471044018;48.40350787;0.13653215;1;-0.01645142
211;11;44.61917974;0.165307724;49.0252726;0.711202844;1;-0.904929978
212;11;48.16082037;2.146439286;52.0861244;-0.632376349;0;0.586080604
213;11;44.35245672;0.186624105;46.71459716;-0.317910263;1;-1.725099144
214;11;46.73872261;2.966996987;51.23782747;1.067501662;0;1.362646357
215;11;45.42014205;1.710018015;48.66143971;1.592255165;1;-0.477019642
216;11;50.4822715;1.152637514;53.18864202;0.449359099;0;-0.305681367
217;11;43.96725448;1.391802635;50.82043322;-0.108154437;0;-1.043250838
218;11;41.18784791;1.3362758;50.76124124;0.715474251;0;0.314164677
219;11;44.3594716;0.138549558;48.47458004;0.17983467;1;0.699738053
220;11;50.85199416;2.798619839;55.09983015;1.318583686;0;0.904457421
221;12;45.96722793;4.472037784;53.6401565;0.38964473;0;0.620695607
222;12;42.24241237;0;50.17515771;-1.335166969;1;0.287089253
223;12;47.88941113;0.384023827;52.50444419;-1.609583586;0;-1.012008409
224;12;42.7680959;0.14233452;51.05150919;-0.869807423;1;-0.344688979
225;12;50.48485751;4.724155362;55.45529977;2.93053462;1;3.42835005
226;12;43.12818224;2.833843568;52.55854247;-0.42158021;1;0.327566491
227;12;45.77145146;3.883804094;54.47518086;-0.039829721;0;0.834235103
228;12;46.80803664;2.456764372;49.22944534;0.038126688;0;-0.382424073
229;12;48.47536369;1.919804385;51.82907665;1.042560512;0;-1.104528979
230;12;41.76863476;1.42441757;48.17054474;-0.641327605;1;-1.299108762
231;12;46.15902819;1.190574321;48.4966156;-1.068465636;1;1.811943563
232;12;49.59508683;2.075129271;51.66541211;0.199851358;1;0.349629834
233;12;47.82044347;4.698267753;51.58641586;0.388162082;0;-0.867979757
234;12;41.83198928;2.079396747;50.21619344;-0.679450653;1;-0.619996057
235;12;42.86349599;3.687010415;53.30434341;2.657170778;0;0.587656244
236;12;50.80155477;3.845129598;52.03728918;-0.163250527;1;1.704246205
237;12;41.29343682;2.257532524;50.42694751;-1.024363986;1;-0.091588641
238;12;47.18252074;2.794090179;52.99192754;0.685924216;0;0.502280161
239;12;41.10890454;0.515301104;51.38606889;-1.952814496;1;-0.730584861
240;12;46.61906875;2.437260316;51.1342;-0.36462602;1;0.189994721
241;13;41.85762309;1.719556358;49.50149159;0.083701649;0;0.662730227
242;13;48.06510401;2.095954311;52.03832093;-0.624971413;0;-0.078166964
243;13;45.54866391;2.376972648;54.11294952;1.338424527;1;0.28986575
244;13;44.65252194;0.771082012;51.20074649;-0.47823766;1;0.041584557
245;13;47.66916652;2.030201024;48.44113777;1.131238906;0;0.395871198
246;13;49.45965382;2.003175041;51.4646685;-1.515022828;1;-1.349744618
247;13;48.49230144;2.450074613;54.52309071;1.370301782;0;0.013690905
248;13;51.11160077;0.858099053;55.04777923;-2.075154526;1;-1.350016922
249;13;38.84841035;2.869435657;45.93367224;0.008654704;0;-0.822505289
250;13;42.64322464;2.982780897;47.76958615;0.442947119;0;-1.430740437
251;13;50.2885869;1.861960856;50.16625433;-0.653474039;0;1.503990781
252;13;47.83665431;0.071133722;54.0285207;-1.590859009;0;-0.085626118
253;13;46.77969613;3.769057985;53.84209556;0.32743895;1;0.939901123
254;13;51.29111388;3.275931841;51.1499014;0.035218107;0;0.704466727
255;13;46.58845947;3.465447197;48.78810519;0.724555202;0;-0.533162617
256;13;48.34845989;3.874019808;48.80937435;1.513074989;1;0.360585441
257;13;38.4251446;1.206880015;44.56318919;-1.150593955;0;-1.551218107
258;13;49.54630953;2.395658606;49.79207387;0.478888982;0;-1.58018878
259;13;43.37153346;2.172147442;51.43673992;-1.145498575;0;-0.307649679
260;13;46.45069554;4.499710996;54.33601716;1.29657907;1;0.690371426
261;14;45.5840858;3.5690643;49.91936413;-0.408941739;0;0.336810023
262;14;47.39766945;4.461724942;54.75998581;0.796493381;0;1.30500724
263;14;45.40308073;0.721019365;51.26010679;0.722923227;0;-2.006807644
264;14;51.09160392;0.619059149;49.11185351;-0.757971094;0;-0.311709124
265;14;45.73522519;2.177285729;58.3316934;-2.039909658;0;-1.588954767
266;14;42.74245588;1.185747431;53.27439009;-0.508886377;0;-0.2570682
267;14;47.90148322;1.843055184;49.90243338;0.729137365;1;1.436492232
268;14;51.3311248;3.372865737;53.1683864;0.815265958;0;0.022402039
269;14;53.10344885;3.801528716;55.63732031;1.174675537;0;0.535403025
270;14;46.21509501;1.862123378;50.74828546;-1.102577207;1;-0.637037232
271;14;45.03140555;1.337101708;47.10341738;-0.245348477;1;-1.232108123
272;14;47.89681279;2.512767481;50.89187165;0.549978875;0;-0.52296581
273;14;40.57236438;2.665102511;48.81440777;-0.749336752;0;-1.695179524
274;14;43.32002975;0.935370378;49.55087009;-0.652113964;1;-1.855743602
275;14;51.05542319;1.832204231;54.43243524;0.441817133;0;0.092326663
276;14;42.7760166;1.878752398;52.32642324;-0.529122349;1;1.016860899
277;14;48.21967639;1.75389792;50.1284653;0.171337772;0;-0.397482442
278;14;41.20687673;0;50.36663467;0.116515057;0;-0.577295604
279;14;46.70698722;3.119047631;54.15760898;0.590536814;0;-0.168897705
280;14;42.55266106;2.17726181;48.1622051;-0.710852938;0;0.746623146
281;15;52.98401294;1.401536524;52.2310504;1.744102338;1;0.453094518
282;15;37.67109985;0;49.0249922;-0.424725528;0;0.516851958
283;15;47.32249837;0.413253783;52.6127045;-0.412485227;0;2.31551945
284;15;51.19042353;1.583758945;54.64135467;-0.149245055;0;0.966699779
285;15;44.37173229;0.584700351;49.41544383;0.049048335;0;0.078842356
286;15;47.65801325;1.546522745;51.47685237;-0.129923944;0;1.359642934
287;15;52.11529562;1.77662074;49.56639572;-0.208862057;1;-0.343370127
288;15;48.54069973;0.587842295;48.69641392;-0.462896564;0;0.34817035
289;15;51.25001921;1.893223904;49.20262569;2.325430633;0;-0.002455939
290;15;47.32745903;0;47.00443077;-0.842428591;1;-1.347722446
291;15;53.19390746;1.177304659;52.19090211;0.173924212;1;-0.275251808
292;15;51.67471732;0.792190979;49.93623559;-0.244684386;0;-1.344327241
293;15;43.44218241;0.913780284;53.52337843;0.264456734;0;1.251888885
294;15;47.82233754;0;48.60799367;0.030958489;1;-0.692670456
295;15;48.01837327;2.338837116;51.15823167;1.527731249;0;2.698634169
296;15;44.66616795;1.792813254;53.4129648;0.390435663;0;1.452463113
297;15;38.60838995;0.27022788;49.65963362;-1.614944538;1;1.530750884
298;15;41.73000495;0.825958451;52.04431706;0.821067389;0;-1.751137997
299;15;43.55229322;0;51.61096944;-0.132369985;0;-0.432294388
300;15;46.14232178;0.617323113;50.18076196;1.206132411;1;1.00531518
301;16;45.77888907;0.892582954;49.59027883;0.01433765;0;0.036738886
302;16;47.05656345;1.316553581;52.90161889;0.743465774;1;-2.24423859
303;16;45.81483799;2.740837984;53.42767943;0.893713502;1;0.924231297
304;16;46.24991295;0.444419492;48.22231481;-1.143852001;1;-1.369136485
305;16;47.72564271;1.26534118;52.33316283;1.418372831;1;0.824717221
306;16;48.43858215;2.759907289;51.26017304;0.551935659;0;2.219226058
307;16;44.33772615;0;48.77302995;-0.414305421;0;0.430121543
308;16;46.00792388;1.180664318;55.47622316;-0.159778978;0;-1.260105467
309;16;50.46552493;1.561600556;52.95431515;-1.351135125;1;0.072647103
310;16;40.42791867;2.166113167;48.37899119;-0.183078487;0;-0.700486874
311;16;48.46097728;3.778800016;47.64664349;2.000434492;1;1.52319007
312;16;52.05804588;4.054014604;54.4707549;0.788404275;0;1.235279086
313;16;47.36582887;1.570459612;52.43681136;0.189903713;1;-0.303412176
314;16;50.12419008;2.770751949;52.25528095;-0.829426336;0;1.994760081
315;16;49.54188326;2.097619964;51.86598262;0.957955168;1;0.711488834
316;16;44.71342197;0.052102878;47.84680115;-2.060186773;1;0.112095544
317;16;45.3012364;1.402404371;53.70506771;0.246210208;1;1.024046814
318;16;45.28347083;2.065869725;50.31194246;-0.104772119;1;1.927961459
319;16;44.24779558;2.941642769;47.9262674;0.322336107;0;1.323413914
320;16;49.10789967;1.617500703;53.30765562;0.704924866;1;0.545518696
321;17;42.15582493;2.562816794;49.8902665;1.397902017;1;0.86789824
322;17;46.17873809;0.423983305;48.72626706;0.076640796;1;-0.099426735
323;17;46.73749046;4.614601058;53.24136195;0.820239665;0;1.630854409
324;17;47.24299103;3.437921798;50.60513186;0.732567454;0;0.331700586
325;17;52.45440047;1.165326451;53.68896077;0.739526584;1;0.157977154
326;17;44.83946833;1.570871546;50.87736128;0.076543309;0;0.178306183
327;17;44.1705948;0;47.82756484;-1.080163519;0;-1.123628313
328;17;48.14771834;0;53.70170425;-0.80443228;1;0.512588563
329;17;39.74767665;0.405873739;47.5203999;-1.559608742;0;-0.522338636
330;17;49.16101801;2.856572315;56.35808343;0.610519822;0;-1.117354274
331;17;44.64253536;0.799217688;50.31221956;-1.717372921;1;-0.168255426
332;17;49.86830115;2.102619151;54.90358757;1.575180777;0;1.222988009
333;17;46.06045213;0.857811394;48.78502325;-0.101878428;1;-0.89757786
334;17;38.47856146;0.223802774;45.76124695;-0.432578108;0;-0.184039778
335;17;54.06767472;0.890221948;54.11547447;0.852833397;0;-1.077000307
336;17;42.38236205;2.13697653;49.82000154;-0.292771007;0;-0.850434222
337;17;37.14341183;3.188105893;50.95791325;1.459604658;0;1.358991655
338;17;47.85499852;0.175531571;52.78689216;-1.384445241;0;-1.618180912
339;17;42.09915787;3.342322963;52.59167166;0.805431056;0;0.435276223
340;17;50.55773212;1.48714365;51.40113413;1.415626678;0;1.516945824
341;18;46.31912682;3.707367271;49.14173155;2.098684068;0;0.455250442
342;18;47.66551961;3.092485195;53.7694715;1.444874782;1;0.184481574
343;18;49.2831832;2.581477898;55.57002715;0.980796976;0;-0.632277339
344;18;46.51934985;1.516850883;51.13546665;-0.916227118;0;0.209105819
345;18;46.02202423;1.901970721;51.05733289;0.991682224;0;-0.592938105
346;18;47.83319972;2.919141519;54.17251346;0.988164256;0;0.21461957
347;18;40.21483315;0.823765579;47.78371425;-1.629608761;1;-0.214400341
348;18;48.52056138;2.54143293;53.17217361;-0.893655674;1;-0.642982375
349;18;45.00828243;1.616791973;50.21745682;-0.591253554;1;-0.562162325
350;18;41.68019622;4.142151766;47.98636028;-0.013148119;0;1.28450114
351;18;41.30754885;1.880232088;47.24341304;-0.6157149;0;1.33702597
352;18;43.71864909;2.662408888;48.1531674;1.562094327;0;2.892391969
353;18;53.76025395;0.680399217;54.68497754;-0.214986252;1;-0.505968515
354;18;42.26644469;1.761950396;49.71693282;-0.445026752;1;0.544798846
355;18;43.35040667;0.685223509;46.75078409;0.559883232;0;0.720885856
356;18;44.09549099;3.045220845;49.92495079;-0.400321041;1;-0.78709807
357;18;44.13712351;1.528362436;52.52497656;-1.224993774;0;-0.772925539
358;18;49.42556801;2.848130705;51.91412514;-0.523080583;0;0.023665077
359;18;46.35284609;0.802718344;52.36260384;0.188607003;0;-0.343671796
360;18;45.589278;3.00833258;52.15451261;-0.409420528;0;0.233575178
361;19;43.18115579;0.891301061;54.09630999;-1.127334753;1;-0.996868153
362;19;44.7435832;1.933265822;53.81022627;0.892484286;0;2.828875561
363;19;52.43974755;0.487363033;49.18531938;-0.85654525;1;-1.477968938
364;19;46.09452534;0;47.82223259;-2.265424814;0;0.110137259
365;19;50.46417977;2.166777015;53.37099099;0.766372057;0;0.146535228
366;19;44.33783734;1.159603922;50.0805738;0.962877319;0;1.329503299
367;19;44.75843783;0;51.01711188;0.469297582;0;2.204711099
368;19;47.7403829;1.427753882;52.30504381;0.737285164;1;1.508342802
369;19;44.03309078;1.026550967;51.65342024;-1.209526305;1;-0.974209271
370;19;43.83875643;0.520362956;48.77015248;1.231077951;0;0.540231475
371;19;44.3917246;1.105814241;52.0685403;0.653684536;1;-0.529680655
372;19;47.00231394;1.444633729;53.77980512;0.635410422;1;-1.196936419
373;19;52.79294391;2.294993415;51.27252355;0.537717299;0;2.20160021
374;19;48.94873019;0.768456651;52.48607621;1.180191319;1;0.792872422
375;19;45.13422759;0;51.27060632;-1.571285542;1;-0.182070745
376;19;46.39278349;0.753386323;49.25167765;-0.043193286;0;-0.539648233
377;19;50.99819619;2.475320968;53.29360582;0.136976569;0;0.388263031
378;19;50.42216282;2.08681394;49.97186026;1.297324833;1;0.358897008
379;19;40.48874165;1.610897313;50.8263337;1.850766191;0;-0.733222819
380;19;43.23367307;0.925537633;47.69659143;-0.586205223;0;-1.030397081
381;20;42.66533976;1.611218952;51.45024339;0.77364667;1;0.098108603
382;20;47.10484722;0.565624607;51.28122878;-0.208377098;0;-0.869330035
383;20;41.2255629;1.207290747;50.78638158;-0.31528612;0;1.558782007
384;20;41.96538936;0.563037102;47.06500118;-0.040974606;1;-1.119913183
385;20;41.88186821;1.027575776;47.39472166;-0.215491672;0;-0.851658201
386;20;48.48219221;0.784642596;51.58998966;-0.037107156;0;-0.381334715
387;20;49.39908921;1.815059336;54.07231268;-0.060823686;1;-0.179417309
388;20;46.02558219;0.202061088;51.39974821;-0.736171753;0;-1.170439932
389;20;42.04978816;1.332405147;50.70303947;-0.541939974;1;-0.29356226
390;20;43.5065398;2.366024471;51.10307608;0.658679347;0;0.135758907
391;20;49.79951507;1.211383245;53.03789473;0.305998529;1;-0.738894573
392;20;44.05544224;0.515170082;48.4257642;-0.600645082;1;0.685969674
393;20;38.38453981;0;53.9118254;-0.694507589;1;-0.733251445
394;20;41.01441382;0.92133908;47.64648408;0.585559849;0;-0.494579959
395;20;45.54898966;1.010778649;48.29421627;-0.891064746;1;-1.265630422
396;20;43.09201958;2.311446917;47.26859194;0.347956842;0;-0.177551437
397;20;46.34489067;0;48.00803078;-0.232461789;1;-0.921260047
398;20;43.89269361;2.836287903;49.27232649;0.235008022;0;-0.56885474
399;20;46.05815692;0;50.20136533;-0.49138825;1;-0.363594302
400;20;48.56281041;0;53.44770472;0.998426225;1;0.38618669
401;21;42.49680232;0.938066945;49.25017223;-0.020212873;0;0.239586483
402;21;44.65373601;1.206447475;47.71718697;-0.133716196;1;0.896863484
403;21;43.74082519;2.769988358;48.56472246;0.386303155;1;1.413679073
404;21;44.97052699;2.284007891;51.27512446;-0.204946612;1;-0.074424274
405;21;42.90157258;2.304261864;49.53502048;-0.851459415;0;0.191943642
406;21;41.52964922;1.755050435;47.4461657;0.1446522;1;0.366899239
407;21;48.08718457;1.992475634;54.691969;-0.596432198;0;-1.254860439
408;21;47.72382888;4.230034181;51.57370312;0.946758266;0;0.685555961
409;21;48.67423002;1.344408504;55.28174188;-1.520734761;1;-0.780421356
410;21;52.06062595;2.474643305;57.74466743;0.554727652;0;1.659048321
411;21;46.47890779;3.829071787;49.40791829;0.775252805;0;-0.013956846
412;21;47.19030842;1.026590027;50.65653055;-0.731187768;0;0.82641181
413;21;44.85410459;1.936430178;51.05063995;0.79903762;1;-0.35538822
414;21;44.54971057;0;53.70327788;0.015868641;1;-2.421947525
415;21;49.18569037;3.398478441;52.69203858;2.233508484;1;1.707030138
416;21;46.85535194;0.413308654;48.09962996;-0.828032514;0;1.388300347
417;21;43.33192466;1.345016813;47.21028404;-2.090041898;1;-1.695370381
418;21;42.69236317;4.317652783;51.5806516;1.766027199;0;-1.012133813
419;21;47.7941272;1.158259089;49.2404524;-0.081391371;0;-0.449083351
420;21;47.31784109;0.732578089;50.95380392;-1.075391473;0;-1.088624629
421;22;45.03464326;1.107082909;50.65357619;0.072311005;1;2.522521624
422;22;53.07317026;1.428656625;53.93824906;0.445265277;1;0.30237406
423;22;50.69524483;2.668738777;54.26803221;-0.935341275;0;-0.568632345
424;22;49.37662932;4.043649945;51.25567062;0.888976807;0;1.84383792
425;22;39.98319546;1.413749791;46.8732655;-0.564470924;0;-0.563047157
426;22;47.91601674;1.437432042;53.85485285;-0.844780894;0;-0.183099776
427;22;47.7854437;0.966760304;52.18852742;-0.673842092;1;0.1956807
428;22;43.02984464;1.797517439;46.85125087;-0.383762106;0;-0.854834506
429;22;42.27108522;1.107643211;48.06559234;-0.230273313;1;-0.155086418
430;22;42.21133131;0.382184742;48.77710702;-2.121709075;1;-0.303618652
431;22;38.32604943;1.538289835;49.9679061;-0.806556022;0;-0.045189379
432;22;43.50824403;3.082513144;53.76921823;-0.452891749;1;0.741194061
433;22;43.96899027;0.482117236;52.70641265;-0.765606529;0;0.253168282
434;22;39.80516557;1.442228241;44.22356917;-1.962236569;0;-0.336946579
435;22;45.21936609;1.947181413;52.21754039;-0.368124566;0;-0.922715047
436;22;43.45202918;2.776276728;50.68489824;1.684999725;0;1.147899623
437;22;47.9553822;1.161577364;51.95515331;-1.137521436;0;0.593270922
438;22;47.93077721;3.101336745;51.03772191;0.787271361;1;0.129028639
439;22;49.98323443;1.982313625;52.45372438;0.731025267;1;-0.897838378
440;22;49.84650023;3.032414299;52.68066161;0.332516983;0;-0.043014529
441;23;49.64183899;1.889167698;50.61562641;-0.854752389;0;-0.532345259
442;23;40.14355461;0.029228134;47.88840645;-1.160310333;1;0.149420054
443;23;45.62075065;2.139016732;51.55335209;-0.247652596;0;0.132653476
444;23;48.21767315;4.034857121;48.84569575;0.630009431;1;-1.187736709
445;23;40.50602816;2.045467079;48.72711386;0.229049439;0;2.180532053
446;23;52.99501435;4.852682464;51.80223067;2.027840122;0;-0.70394482
447;23;47.67338763;2.703381952;52.04755745;-0.147417861;1;0.037585071
448;23;47.52207675;2.726036873;51.51615767;-0.840491358;0;1.120858514
449;23;38.4249953;1.119412144;44.83273271;-1.832969085;0;-2.05955207
450;23;38.46800955;3.062037688;48.48272266;0.163806;1;0.368327648
451;23;49.158369;2.231352841;53.02615478;-1.121994604;0;0.478319074
452;23;50.3727028;2.725101643;54.18818415;-0.486370389;0;-0.406053414
453;23;40.29686794;0.997150802;45.08727466;0.329880177;1;-1.27099234
454;23;40.12186822;0.402425949;49.23964587;-1.077319923;1;-1.038545169
455;23;43.84606977;2.692610319;48.31959177;-0.393928232;1;0.881009584
456;23;51.95497048;2.370412947;53.35141348;1.575536101;0;0.029760689
457;23;49.92359099;2.60280678;51.85309144;0.679105806;0;-0.087542188
458;23;46.71594257;3.869787521;54.7913711;-0.682007052;0;0.018503442
459;23;50.20078389;1.488622099;50.1539072;-0.378694083;1;0.823857351
460;23;42.49542667;2.142946304;46.28760898;0.033697631;1;-0.227657896
461;24;52.22874112;4.53122206;51.75293292;0.720520141;1;1.430622486
462;24;46.41119957;3.52189833;51.08947837;0.405400618;1;-0.875062418
463;24;43.99037042;1.097221619;50.62985899;0.436069357;1;0.380036719
464;24;47.64063016;2.033457372;48.93675414;-0.207032289;0;2.134317615
465;24;44.92878374;2.300349486;50.42949299;-0.213477838;1;0.088987768
466;24;42.09079512;2.727235414;52.21864726;0.240988586;0;0.481709388
467;24;49.94672932;0.171682402;50.86525754;-1.699138642;0;-0.398842275
468;24;49.927411;3.157590141;52.91290693;1.52802863;0;2.684203542
469;24;54.18606312;1.89599306;51.51173729;-0.29790375;0;-0.589274812
470;24;43.17204474;1.873108412;49.06736539;0.517325404;0;-0.224314573
471;24;43.65964605;3.330799448;48.91365225;1.342459063;0;-0.062487425
472;24;48.79023;3.292833005;50.78595523;1.963913849;1;0.057656287
473;24;40.37132489;2.079208473;47.23196661;-0.632991434;0;0.154120609
474;24;40.53961878;3.337096866;49.77905761;-0.102619279;0;2.297153489
475;24;39.38134368;0;47.70626531;-1.669625392;1;0.367635461
476;24;47.94269763;1.619787922;48.83593544;0.257890541;1;-0.28244379
477;24;44.09560479;1.065843883;53.03923625;-0.083052359;1;0.090198809
478;24;47.74120939;1.806485416;50.25342129;0.523760831;0;-0.484359712
479;24;43.95215551;0.492264778;50.37658342;0.172415828;1;0.237627991
480;24;42.43391405;0.300274315;47.77457884;-1.853931143;0;0.494314582
481;25;48.34493272;0.467248605;51.37278316;-0.998640508;0;-0.964166885
482;25;47.56737017;0.46187192;49.51409689;-0.953630705;0;-2.126572771
483;25;46.60722527;1.151340359;49.03516145;0.810817619;1;0.096066398
484;25;44.73871769;2.868520579;47.08640101;-1.473227409;0;-0.638277161
485;25;45.41569071;4.247150976;54.97840164;0.824267367;0;0.145586099
486;25;46.78924997;2.868633249;52.26723085;1.533193831;1;1.598668141
487;25;40.04722201;1.364294122;49.47211544;-0.567801478;1;0.641158895
488;25;50.24034811;2.399527458;52.63332548;-0.170631538;1;-0.342609367
489;25;51.02015171;2.994396022;52.70229105;1.141835601;1;1.476717529
490;25;42.36697583;0.624313077;53.25128144;-1.439273354;1;0.240448982
491;25;43.97598906;0;47.45688294;-1.221525182;1;-0.893924421
492;25;42.80276413;1.134571062;50.94912794;0.832087865;1;2.120042929
493;25;49.06862097;0.463226834;48.33839378;-1.856959328;1;-0.259969851
494;25;43.87062772;2.453496094;48.94765854;-0.895813577;0;-0.852474839
495;25;42.70514217;1.714133981;46.15000718;0.790730411;1;-0.208574813
496;25;45.84532402;3.245718791;48.48623801;0.17365608;1;0.783854747
497;25;45.85260688;1.795717822;50.79524834;0.137664785;0;-1.084262532
498;25;46.80475891;1.535191006;49.6363553;-0.971845652;1;-0.364502938
499;25;43.26355478;3.355238888;51.7239017;1.810939181;0;-0.268621475
500;25;54.10654618;3.211659712;56.21337292;1.488163529;1;1.674171322
501;26;43.5244029;1.12931548;44.78483508;0.011824764;0;0.460176884
502;26;45.57226112;1.194113923;50.89478424;-1.233547805;0;2.063989268
503;26;41.07355322;0;46.56337234;-1.360662241;1;-0.340732403
504;26;40.80385967;1.294512516;51.773478;0.483101866;0;0.012364911
505;26;40.44819533;1.624836173;52.06207529;-0.276536256;0;-1.716693328
506;26;37.8267756;0.75791961;45.3216702;-0.31505521;0;-1.785121227
507;26;40.35806033;0.680207418;52.84025315;-0.336185979;0;0.123942106
508;26;52.30077548;3.36272327;51.81240842;1.487490203;1;0.802428984
509;26;47.04559642;0.38852666;48.59038621;0.513053746;1;0.781066306
510;26;45.28728763;0.767834776;52.44356253;-0.307497259;0;-0.927573565
511;26;45.39865649;0;47.63953563;-2.582682514;1;1.764311055
512;26;47.34368931;0.778279123;49.18787649;1.288736573;0;0.206494738
513;26;52.51566767;3.007709366;52.30989054;0.603760302;0;0.897366852
514;26;41.75204368;2.220729791;50.28746621;0.130201343;0;-1.009005662
515;26;42.19028462;0.11121505;47.69797965;0.216206559;1;-0.234129128
516;26;48.91907639;0.166768587;46.76228155;-0.836787967;1;-0.219794665
517;26;46.13588974;1.785389181;56.25632082;-0.112215762;0;1.199343453
518;26;47.26804598;1.315385439;49.76958642;-2.096616122;1;-0.882032618
519;26;46.62784821;0.308109343;47.65581315;-0.086618614;1;1.673278982
520;26;44.91598476;1.119447162;48.02092419;-0.494724031;0;1.233701711
521;27;42.18212664;0.374960939;50.64521181;-1.241385712;1;0.082024561
522;27;51.03750391;3.12832792;55.06432557;1.195297564;1;1.746343414
523;27;45.31755611;1.919047212;51.05590874;-0.652172949;1;-0.353099891
524;27;48.87197088;3.019915153;56.20266088;1.593966061;0;-0.229775719
525;27;45.19842048;1.466809016;54.54988216;0.479016701;0;-0.057350369
526;27;43.91462285;2.058467019;49.64944319;-0.865230093;0;-0.620573836
527;27;48.90745657;3.292425314;52.14248169;0.882853887;1;2.037691942
528;27;42.79027876;3.251266746;49.93259722;2.270658238;0;0.121868431
529;27;42.60610845;2.148681219;51.04318477;0.049989978;0;0.65078291
530;27;44.4922611;2.059838658;49.0055372;0.142793791;0;0.445930917
531;27;51.84779899;3.377265927;52.81591639;0.815739787;0;1.072189751
532;27;44.32218449;0.779385688;52.88693856;-1.07364507;1;-1.174623699
533;27;48.10283424;2.221271835;55.19807968;-0.340670413;1;1.997815352
534;27;48.00307499;2.31005223;54.21458156;-0.738891043;1;1.57717116
535;27;46.57756831;2.463033027;52.73399335;-0.198861261;0;-2.753204097
536;27;44.12945675;2.463875247;50.0031944;0.880888827;0;0.608125709
537;27;44.11659071;2.27005599;53.38471974;-0.280877203;0;1.436927933
538;27;46.04039525;0.952714853;49.99564531;-1.153606182;1;1.120100219
539;27;51.23727235;3.889435468;52.6891253;-0.159045577;1;0.39141761
540;27;42.708681;1.159072559;48.97406336;-0.159644591;0;-0.065113345
541;28;44.28435524;2.162507331;51.09789781;-1.377904641;1;-0.354622557
542;28;42.70224356;1.7239392;45.60990779;-1.003738344;0;-1.479378127
543;28;44.17919653;1.75466737;51.36006265;-1.685865796;0;-1.299918
544;28;47.07686256;1.711947367;48.50496307;-0.331495415;1;-0.824165959
545;28;50.36209012;2.330690765;56.04560227;-0.806465428;1;1.277059053
546;28;51.95341785;2.490145954;53.37340243;1.232147098;1;0.923774335
547;28;43.32596291;1.763592294;49.49093926;-1.106464051;0;0.098221301
548;28;48.52488282;1.835383317;50.15155926;0.697908803;1;-0.126851616
549;28;54.65844919;2.61106256;56.43406264;0.183561156;0;-1.208795226
550;28;49.52393134;3.690982551;52.49962729;1.406967513;1;0.385802786
551;28;42.40491956;0;50.33208618;-0.783154357;0;-1.267777475
552;28;45.35752473;3.030969607;51.99702057;-0.50273516;1;-0.933687435
553;28;41.32232956;4.098973219;45.79567819;0.699978418;0;0.465949772
554;28;50.41322863;3.493656858;53.68990808;0.760986087;0;2.617843934
555;28;46.97787154;2.712762311;53.24421948;0.192498343;1;-0.516843773
556;28;45.40548009;0.038265479;52.67481283;-1.30089194;1;0.117954212
557;28;46.99612266;1.773971549;54.76820642;-0.939301036;0;-2.180717178
558;28;45.20089807;2.546486778;50.45844668;2.00788566;0;1.51267478
559;28;43.91007035;1.705517103;52.33862018;-0.492177008;0;0.299817511
560;28;48.46629831;0;53.89834277;-2.042060578;1;0.022157747
561;29;43.54473074;0.883850658;48.322093;0.984147636;1;-1.356458357
562;29;42.84180425;0;46.99734443;-0.835141622;0;-0.747538115
563;29;46.84580229;1.02440241;50.03190512;-0.410276483;0;-1.227222062
564;29;48.11088094;0;50.785118;-0.276644114;0;-2.257489265
565;29;44.14560939;0.198149595;42.60215976;0.553683123;0;-2.24169767
566;29;46.43725489;1.8677818;51.34494107;1.087035349;0;-1.039811808
567;29;44.26709525;0.006444401;48.24134939;-0.651571637;0;-1.982310535
568;29;51.15028462;1.219692306;52.63341307;-0.315090296;1;0.408143347
569;29;41.0232728;1.528205779;47.74191556;-0.18694581;1;0.498252731
570;29;49.34065379;1.020063305;52.91923303;0.026870749;1;-0.512336211
571;29;48.64036533;0.589870467;53.36354111;0.589619661;1;-0.667314047
572;29;46.57927408;1.224864053;49.8070312;-0.573135412;0;-0.137553661
573;29;42.24494916;0;52.09086641;0.148739257;1;1.271624616
574;29;51.73092752;1.6021152;52.77687624;0.851798911;0;-0.076356106
575;29;42.43271491;0;49.33120825;-1.68293891;1;-0.454891973
576;29;45.0741278;2.986419877;48.65326857;0.519368236;0;0.77684866
577;29;47.08423561;1.55413303;53.83772089;-0.718607598;0;0.153191616
578;29;41.99016437;2.025525423;51.90658946;0.853879192;1;0.323433586
579;29;46.71129046;0.970732933;51.95567576;-0.062331195;0;0.670446168
580;29;48.7192446;1.442210523;52.47096429;-0.402194177;1;-1.902057124
581;30;40.73898559;1.762172685;47.61330221;0.499308329;0;0.956803595
582;30;44.47084694;0;49.4328749;-0.134943224;1;0.022490104
583;30;45.62627729;1.008246789;50.81976699;-0.26477942;1;0.718379003
584;30;42.26038895;1.609538637;47.49914273;-0.763836933;1;0.058252425
585;30;46.80131127;1.860815156;50.61867295;-0.427376578;0;0.29791432
586;30;43.28302766;2.118917963;46.20516178;-0.898859784;0;-1.020280929
587;30;44.54287308;3.488005626;51.75516678;-0.034750784;0;0.757491486
588;30;50.8306899;2.698175518;55.2905098;-0.055548136;0;-0.130027162
589;30;42.43624791;1.356706802;50.20159247;0.586792472;0;-1.879241902
590;30;44.6044438;0.093125132;47.72902449;-1.40081744;1;-0.948236024
591;30;50.37697272;1.637368975;50.89883837;-0.130220078;1;1.223425676
592;30;44.75202004;1.183342265;49.44915461;0.504924207;1;-1.007552004
593;30;47.74855906;2.315498373;55.99457081;0.298694032;0;-0.190501843
594;30;47.04036076;4.610305819;47.18917157;2.925858477;1;2.223043786
595;30;45.33642777;1.558981333;51.65977496;0.568355185;0;-0.787024149
596;30;45.01804001;1.797493313;46.45972759;-0.233407824;0;-1.075048541
597;30;51.31848219;0.690738739;52.28168138;0.64792778;0;-1.1695698
598;30;48.30328412;2.360597979;53.18549785;0.039401226;0;1.182789396
599;30;49.73827037;0.709372048;51.76954394;-0.56633987;0;-0.071034346
600;30;47.07650727;1.091478318;53.05114286;-1.169568145;1;-0.626676798
